,ENSG00000230092.7,ENSG00000215912.12,ENSG00000116213.16,ENSG00000162408.11,ENSG00000162441.12,ENSG00000116685.16,ENSG00000142632.17,ENSG00000157191.20,ENSG00000218510.8,ENSG00000117640.18,ENSG00000158062.20,ENSG00000009780.15,ENSG00000242125.3,ENSG00000180098.9,ENSG00000221539.1,ENSG00000229388.1,ENSG00000134686.18,ENSG00000284154.1,ENSG00000146463.11,ENSG00000092853.14,ENSG00000271554.1,ENSG00000196449.4,ENSG00000214114.9,ENSG00000171960.11,ENSG00000117408.11,ENSG00000222009.8,ENSG00000085998.14,ENSG00000123472.12,ENSG00000226147.1,ENSG00000162604.12,ENSG00000162434.12,ENSG00000162433.15,ENSG00000066557.6,ENSG00000116754.13,ENSG00000162623.16,ENSG00000162613.16,ENSG00000197147.13,ENSG00000239794.3,ENSG00000067208.14,ENSG00000154511.12,ENSG00000283761.1,ENSG00000143126.8,ENSG00000213366.13,ENSG00000168679.18,ENSG00000235527.6,ENSG00000116824.5,ENSG00000134247.10,ENSG00000196369.11,ENSG00000276216.1,ENSG00000162825.16
ENSG00000230092.7,0.0,0.0,0.0,0.0,0.0,0.0,0.0,0.0,0.04141216036752371,0.0,0.0,0.0,0.0,0.0,0.0,0.0,0.0,0.0,0.0,0.0,0.0,0.0,0.0,0.0,0.0,0.0,0.0,0.0,0.0,0.0,0.0,0.0,0.0,0.0,0.0,0.0,0.0,0.0,0.0,0.0,0.0,0.0,0.0,0.0,0.05628179751366669,0.21334801970120973,0.0,0.0,0.0,0.0
ENSG00000215912.12,0.0,0.0,0.0,0.0,0.0,0.0,0.0,0.0,0.0,0.0,0.0,0.0,0.0,0.0,0.0,0.0,0.0,0.0,0.1355994420914401,0.0,0.0,0.0,0.0,0.0,0.0,0.0,0.0,0.0,0.0,0.0,0.0,0.0,0.0044623495997377916,0.19240952745549894,0.0,0.0,0.0,0.0,0.0,0.0,0.0,0.0,0.0,0.0,0.0,0.0,0.1227562420359549,0.0,0.0,0.0
ENSG00000116213.16,0.009017854860060844,0.0,0.0,0.0,0.0,0.0,0.0,0.0,0.0,0.0,0.0,0.0,0.0,0.024810081005821213,0.0,0.0,0.0,0.0,0.11690553150716494,0.0,0.0,0.11454784351135122,0.0,0.0,0.0,0.0,0.05136055433192946,0.0,0.0,0.2990181203436911,0.0,0.0,0.3198006374765392,0.0,0.0,0.0,0.0,0.0,0.0,0.0,0.0,0.0,0.18959342630945894,0.0,0.0,0.10794551004194711,0.0,0.0,0.0,0.0
ENSG00000162408.11,0.0,0.0,0.0,0.0,0.0,0.0,0.0,0.0,0.0,0.0,0.0,0.0,0.0,0.0,0.0,0.0,0.0,0.0,0.0674786194922285,0.010151829621491061,0.0,0.0,0.0,0.0,0.12824304509964632,0.0,0.016776605139902107,0.11724267589046558,0.0,0.0,0.0,0.23307613050116904,0.0,0.0915572663791575,0.0,0.0,0.0,0.0,0.0,0.0,0.0,0.2414334557236806,0.0,0.06376042243544522,0.0,0.0,0.23037478962397487,0.0,0.0,0.0
ENSG00000162441.12,0.0,0.0,0.0,0.0,0.0,0.0,0.04507493430299517,0.0,0.0,0.0,0.0,0.0,0.0,0.007971752867044029,0.0,0.0,0.0,0.0,0.0,0.0,0.0,0.0,0.0,0.0,0.0,0.0,0.0,0.0,0.0,0.0,0.0,0.0,0.0,0.0,0.0,0.0,0.0,0.0,0.0,0.0,0.15541061221082725,0.0,0.0,0.0,0.0,0.0,0.0,0.0,0.0,0.0
ENSG00000116685.16,0.0,0.0,0.0,0.0,0.0,0.0,0.0,0.0,0.0,0.0,0.0,0.0,0.0,0.0,0.0,0.0,0.0,0.0,0.0,0.10824690703448474,0.0,0.0,0.0,0.067661613460831,0.0,0.0,0.2170274354029894,0.0,0.0,0.47264757261085133,0.0,0.0,0.1663219689947494,0.0,0.0,0.0,0.0,0.0,0.0,0.0,0.0,0.0,0.0,0.0,0.0,0.45800306595997503,0.0,0.0,0.0,0.0
ENSG00000142632.17,0.0,0.0,0.0,0.0,0.0,0.0,0.0,0.0,0.0,0.0,0.0,0.0,0.19449213282795424,0.0,0.0,0.05196110232756154,0.0,0.0,0.0,0.0,0.0,0.0,0.0,0.15479811260599963,0.017818857301004316,0.0,0.0,0.0,0.0,0.0,0.0,0.0,0.0,0.0,0.0,0.0,0.0,0.0,0.0,0.0,0.0,0.0,0.0,0.0,0.0,0.020947695838509143,0.0,0.0,0.0,0.0
ENSG00000157191.20,0.05319545339720918,0.0,0.0,0.0,0.0,0.0,0.0,0.0,0.0,0.0,0.0,0.0,0.0,0.0,0.0,0.0,0.0,0.0,0.0,0.0,0.0,0.0,0.37197132293919544,0.0,0.0,0.0,0.0,0.0,0.0,0.0,0.0,0.0,0.0,0.0,0.0,0.0,0.0,0.0,0.0,0.0,0.4490393903110119,0.0,0.0,0.149920873557718,0.23042667177353549,0.0,0.0,0.0,0.0,0.0
ENSG00000218510.8,0.0,0.0,0.0,0.0,0.0,0.0,0.0,0.0,0.0,0.0,0.0,0.08060210493213918,0.0,0.0,0.0,0.0,0.0,0.0,0.0,0.0,0.0,0.0,0.0,0.0,0.0,0.0,0.0,0.0,0.0,0.0,0.0,0.0,0.0,0.20278035397760988,0.0,0.0,0.0,0.0,0.0,0.004338416033968456,0.0,0.0,0.0,0.0,0.0,0.0,0.0,0.0,0.0,0.0
ENSG00000117640.18,0.0,0.0,0.0,0.0,0.0,0.0,0.0,0.0,0.0,0.0,0.0,0.0,0.0,0.0,0.0,0.0,0.0,0.0,0.0,0.0,0.0,0.0,0.0,0.0,0.0,0.0,0.0,0.0,0.0,0.0,0.0,0.0,0.0,0.0,0.0,0.0,0.0,0.12568111742013274,0.0,0.0,0.0,0.0,0.0,0.0,0.0,0.0,0.0,0.0,0.0,0.0
ENSG00000158062.20,0.3577718360815092,0.346471274810948,0.0,0.0,0.0,0.0,0.006055461860393411,0.0,0.0,0.0,0.0,0.0,0.07333320466167498,0.0,0.0,0.0,0.0,0.0,0.0,0.0,0.0,0.0,0.09895237614986682,0.0,0.0,0.0,0.0,0.0,0.03498669458963105,0.036034804564775876,0.0,0.0,0.0,0.0,0.0,0.0,0.0,0.0,0.0,0.0,0.0,0.19186757149001363,0.0,0.0,0.19064895860559322,0.0,0.0,0.0,0.45635328402769354,0.0
ENSG00000009780.15,0.0,0.0,0.0,0.0,0.0,0.0,0.0,0.0,0.0,0.0,0.0,0.0,0.0,0.0,0.0,0.0,0.0,0.0,0.0,0.0,0.0,0.0,0.0,0.0,0.0,0.0,0.0,0.07668774186681945,0.0,0.0,0.0,0.0,0.0,0.0,0.0,0.0,0.0,0.0,0.0,0.0,0.0,0.0,0.0,0.0,0.0,0.0,0.0,0.0,0.0,0.0
ENSG00000242125.3,0.0,0.0,0.0,0.0,0.0,0.0,0.0,0.0,0.11370626932595604,0.0,0.0,0.0,0.0,0.0,0.0,0.0,0.0,0.0,0.0,0.0,0.0,0.0,0.0,0.0,0.0,0.0,0.03241103447365358,0.0,0.0,0.0,0.0,0.0,0.0,0.0,0.0,0.0,0.0,0.0,0.0,0.0,0.0,0.0429986138702451,0.0,0.0,0.10051649499742767,0.0,0.0,0.0,0.0,0.0
ENSG00000180098.9,0.0,0.0,0.0,0.0,0.0,0.0,0.0,0.0,0.0,0.0,0.0,0.0,0.0,0.0,0.0,0.0,0.0,0.0,0.0,0.0,0.0,0.0,0.0,0.0,0.0,0.0,0.0,0.0,0.0,0.0,0.0,0.0,0.0,0.0,0.0,0.0,0.0,0.0,0.0,0.0,0.0,0.0,0.0,0.0,0.0,0.23890812724152954,0.0,0.0,0.0,0.0
ENSG00000221539.1,0.0,0.0,0.0,0.0,0.0,0.0,0.0,0.0,0.0,0.0,0.0,0.0,0.0,0.0,0.0,0.0,0.0,0.0,0.0,0.0,0.0,0.0,0.0,0.0,0.0,0.0,0.0,0.0,0.0,0.0,0.0,0.0,0.0,0.0,0.0,0.0,0.0,0.0,0.0,0.0,0.0,0.0,0.0,0.0,0.0,0.0,0.0,0.0,0.0,0.0
ENSG00000229388.1,0.0,0.0,0.0,0.0,0.0,0.0,0.0,0.0,0.0,0.0,0.0,0.0,0.0,0.0,0.0,0.0,0.0,0.0,0.0,0.0,0.0,0.0,0.0,0.0,0.0,0.0,0.0,0.0,0.0,0.0,0.0,0.0,0.0,0.0,0.0,0.0,0.0,0.0,0.0,0.0,0.0,0.0,0.0,0.0,0.0,0.0,0.0,0.0,0.0,0.0
ENSG00000134686.18,0.0,0.0,0.0,0.0,0.0,0.0,0.2265579038289599,0.1200189687056377,0.0,0.012999914899367235,0.0,0.0,0.05051100347803282,0.0,0.0,0.0,0.0,0.0,0.09242523801670936,0.0,0.0,0.0,0.0,0.0,0.0,0.0,0.46041140098408656,0.2332990627462306,0.0,0.38295385783763647,0.0,0.0,0.0,0.0,0.02402400121786158,0.0,0.22228944555909552,0.0,0.12292429856591024,0.0,0.0,0.0,0.1897225423960732,0.0,0.22643725033813714,0.4492472846555632,0.009448671209980459,0.2461522193482747,0.04641122627810427,0.0
ENSG00000284154.1,0.0,0.0,0.0,0.0,0.0014459208925441756,0.0,0.08699833449807474,0.015634756810948572,0.0,0.13167627759941275,0.0,0.0,0.15803806337670365,0.0,0.0,0.0,0.0,0.0,0.0,0.0,0.0,0.0,0.0,0.0,0.0,0.0,0.3951782218655972,0.0,0.0,0.16000603342847683,0.0,0.0,0.0,0.0,0.0,0.0,0.0,0.0,0.0,0.0,0.0,0.13829482675307733,0.0,0.0,0.1778979586608472,0.41773639531485873,0.0,0.05157741008447012,0.0,0.0
ENSG00000146463.11,0.0,0.0,0.0,0.0,0.0,0.0,0.0,0.0,0.0,0.0,0.0,0.0,0.0,0.0,0.0,0.0,0.0,0.0,0.0,0.0,0.0,0.0,0.0,0.0,0.0,0.0,0.0,0.0,0.0,0.0,0.0,0.0,0.0,0.0,0.0,0.0,0.0,0.0,0.0,0.0,0.0,0.0,0.0,0.0,0.0,0.0,0.0,0.0,0.0,0.0
ENSG00000092853.14,0.0,0.0,0.0,0.0,0.0,0.0,0.0,0.1003985491439228,0.0,0.27219398059201133,0.3204181063867817,0.0,0.296897963711979,0.0,0.39844222137083407,0.0,0.0,0.0,0.0,0.0,0.0,0.0,0.0,0.0,0.0,0.0,0.29184928235779395,0.0,0.0,0.0,0.0,0.0,0.0,0.0,0.0,0.0,0.1370115126766973,0.0,0.08499000757891678,0.0,0.0,0.18091997908824672,0.11362222122779447,0.0,0.0,0.0,0.1999203641578788,0.0,0.0,0.0
ENSG00000271554.1,0.0,0.0,0.0,0.0,0.0,0.0,0.0,0.0,0.0,0.0,0.0,0.0,0.0,0.0,0.0,0.0,0.0,0.0,0.0,0.0,0.0,0.0,0.0,0.0,0.0,0.0,0.0,0.0,0.0,0.0,0.0,0.0,0.0,0.0,0.0,0.0,0.0,0.0,0.0,0.0,0.0,0.0,0.0,0.0,0.0,0.0,0.0,0.0,0.0,0.0
ENSG00000196449.4,0.0,0.0,0.0,0.0,0.0,0.0,0.0,0.0,0.0,0.3534238500797053,0.0,0.0,0.0,0.0,0.0,0.0,0.0,0.0,0.0,0.0,0.0,0.0,0.0,0.0,0.0,0.0,0.0,0.04968879212789341,0.0,0.0,0.0,0.0,0.0,0.0,0.0,0.0,0.0,0.0,0.0,0.0,0.0,0.0,0.0,0.0,0.0,0.0,0.0,0.0,0.0,0.0
ENSG00000214114.9,0.0,0.0,0.0,0.0,0.0,0.0,0.0,0.0,0.0,0.0,0.0,0.0,0.0,0.0,0.0,0.0,0.0,0.0,0.0,0.0,0.0,0.0,0.0,0.0,0.0,0.0,0.0,0.0,0.0,0.0,0.0,0.0,0.0,0.0,0.0,0.0,0.0,0.0,0.0,0.0,0.0,0.0,0.0,0.16673718876233296,0.0,0.0,0.0,0.0,0.0,0.0
ENSG00000171960.11,0.0,0.0,0.0,0.0,0.0,0.0,0.0,0.25072748470540995,0.0,0.0,0.0,0.0,0.0,0.0,0.0,0.0,0.0,0.0,0.059948124473923455,0.0,0.0,0.0,0.0,0.0,0.0,0.0,0.0,0.1746975704790151,0.0,0.0,0.0,0.0,0.0,0.0,0.0,0.2881634782977301,0.0,0.0,0.0,0.0,0.0,0.18640606630986378,0.0,0.0,0.0,0.0,0.0,0.0,0.0,0.0
ENSG00000117408.11,0.25566734534890945,0.0,0.0,0.0,0.0,0.0,0.0,0.0,0.0,0.0,0.0,0.0,0.0,0.0,0.6182602962921141,0.0,0.0,0.0,0.0,0.0,0.0,0.0,0.19267465765331288,0.0,0.0,0.0,0.0,0.0,0.0,0.036929262200824445,0.0,0.0,0.0,0.0,0.0,0.0,0.0,0.0,0.0,0.0,0.30866597230993587,0.0,0.0,0.07826090128521562,0.0,0.0,0.0,0.0,0.0,0.0
ENSG00000222009.8,0.20408355846748374,0.11082341392708324,0.0,0.0,0.0,0.0,0.022359960949849683,0.0,0.0,0.0,0.0,0.21567515897859826,0.0,0.0,0.47775902749237953,0.0,0.0,0.0,0.222272504041588,0.0,0.0,0.0,0.0,0.25493073405479394,0.0,0.0,0.4044505623163135,0.1521807534375321,0.0,0.1888385282983903,0.0,0.0,0.0,0.0,0.29490612875089744,0.0,0.0,0.0,0.10362739635216647,0.0,0.0,0.33520133333050967,0.0,0.0,0.06638728691088291,0.3626132057963983,0.38753273034585894,0.0,0.1246936909299313,0.0
ENSG00000085998.14,0.0,0.0,0.0,0.0,0.0,0.0,0.0,0.0,0.0,0.0,0.0,0.0,0.0,0.0,0.06532925056876158,0.0,0.0,0.0,0.0,0.0,0.0,0.0,0.0,0.0,0.0,0.0,0.0,0.10620392729505736,0.0,0.0,0.0,0.044719045444011216,0.0,0.0,0.0,0.0706309586120426,0.0,0.0,0.0,0.0,0.0,0.0,0.0,0.0,0.0,0.0,0.0,0.0,0.0,0.0
ENSG00000123472.12,0.0,0.0,0.0,0.0,0.0,0.0,0.02911040946845544,0.0,0.0,0.0,0.0,0.0,0.0,0.0,0.0,0.0,0.0,0.0,0.0,0.0005762281189155747,0.0,0.0,0.0,0.0,0.0,0.0,0.0,0.0,0.0,0.0,0.0,0.0,0.0,0.0,0.0,0.0,0.17462019977711363,0.04323847848302533,0.0,0.0,0.0,0.0,0.0,0.05060019782264995,0.0,0.0,0.06598541318191462,0.0,0.0,0.0
ENSG00000226147.1,0.0,0.0,0.0,0.0,0.0,0.0,0.0,0.0,0.0,0.0,0.0,0.0,0.0,0.0,0.0,0.0,0.0,0.0,0.0,0.0,0.0,0.0,0.0,0.0,0.0,0.0,0.0,0.0941320875723403,0.0,0.0,0.0,0.0,0.0,0.0,0.0,0.0,0.0,0.0,0.0,0.0,0.0,0.0,0.0,0.0,0.0,0.0,0.08769663357213714,0.0,0.0,0.0
ENSG00000162604.12,0.15062233297098107,0.0,0.0,0.0,0.0,0.0,0.0,0.0,0.0,0.0,0.0,0.0,0.0,0.0,0.0,0.0,0.0,0.0,0.0,0.0,0.0,0.0,0.0,0.0,0.0,0.0,0.0,0.0,0.0,0.0,0.0,0.0,0.0,0.0,0.0,0.0,0.0,0.0,0.0,0.0,0.0,0.0,0.0,0.0,0.0,0.0,0.0,0.0,0.0,0.0
ENSG00000162434.12,0.0,0.0,0.0,0.0,0.0,0.0,0.0,0.0,0.0,0.022420906189948766,0.0,0.0,0.0,0.0,0.0,0.0,0.0,0.0,0.0,0.0,0.0,0.0,0.0,0.0,0.0,0.0,0.031580134643854264,0.03301473886422863,0.0,0.0,0.0,0.0,0.0,0.0,0.0,0.0,0.0,0.0,0.0,0.15422289821152865,0.0,0.2609947540775595,0.0,0.0,0.0,0.23991270120558617,0.0,0.0,0.03748908148163112,0.0
ENSG00000162433.15,0.0,0.0,0.0,0.0,0.29495746937776596,0.0,0.0,0.0,0.14208693030216485,0.0,0.0,0.0,0.02229415702974234,0.0,0.0,0.0,0.0,0.0,0.0,0.0,0.16138804135229104,0.0,0.0,0.0,0.0,0.0,0.0,0.1384062020915312,0.0,0.0,0.0,0.0,0.0,0.3345592403095845,0.0,0.0,0.05143784838338292,0.0,0.13834749282811437,0.0,0.0,0.0,0.0,0.0,0.0,0.0,0.0,0.0,0.0,0.0
ENSG00000066557.6,0.0,0.0,0.0,0.0,0.0,0.0,0.0,0.0,0.0,0.0,0.0,0.0,0.0,0.0,0.0,0.0,0.0,0.0,0.0,0.0,0.0,0.0,0.0,0.0,0.0,0.0,0.0,0.0,0.0,0.19913691499469352,0.0,0.0,0.0,0.0,0.0,0.0,0.0,0.0,0.0,0.0,0.0,0.0,0.0,0.0,0.0,0.006520497235410903,0.0,0.0,0.0,0.0
ENSG00000116754.13,0.0,0.0,0.0,0.0,0.0,0.0,0.0,0.0,0.0,0.0,0.0,0.0,0.0,0.0,0.0,0.0,0.0,0.0,0.0,0.12585780051844048,0.0,0.0,0.0,0.0,0.0,0.0,0.0,0.1193051460752431,0.0,0.0,0.0,0.0,0.0,0.0,0.0,0.0,0.0,0.0,0.0,0.0,0.0,0.0,0.0,0.0,0.0,0.0,0.0,0.0,0.0,0.0
ENSG00000162623.16,0.0,0.0,0.0,0.0,0.0,0.0,0.0,0.0,0.0,0.0,0.0,0.0,0.0,0.0,0.0,0.0,0.0,0.0,0.22564707646263976,0.0,0.0,0.0,0.0,0.0,0.0,0.0,0.0,0.17914530798014747,0.0,0.12126735311411319,0.0,0.0,0.0,0.0,0.0,0.0,0.0,0.0,0.0,0.06355858374178794,0.0,0.0,0.0,0.0,0.0,0.0,0.029621977771216765,0.0,0.0,0.0
ENSG00000162613.16,0.0,0.0,0.0,0.0,0.0,0.0,0.0,0.0,0.0,0.0,0.0,0.0,0.0,0.0,0.0,0.024170625741224284,0.0,0.0,0.0,0.0,0.0,0.0,0.0,0.0,0.0,0.0,0.0,0.18889073706968307,0.0,0.0,0.0,0.0,0.0,0.0,0.0,0.0,0.0,0.0,0.15910632125564822,0.0,0.0,0.0,0.0,0.0,0.0,0.018202740868205138,0.0,0.0,0.0,0.0
ENSG00000197147.13,0.0,0.09805992169260896,0.0,0.0,0.0,0.0,0.0,0.0,0.0,0.0,0.0,0.0,0.0,0.0,0.4283958807229604,0.0,0.0,0.0,0.0,0.0,0.0,0.0,0.0,0.0,0.0,0.0,0.0,0.0,0.0,0.0,0.0,0.0,0.0,0.0,0.0,0.0,0.0,0.36201553683598064,0.0,0.0,0.0,0.0,0.0014027050802826622,0.0,0.0,0.0,0.0,0.40375232359944346,0.0,0.0
ENSG00000239794.3,0.0,0.0,0.0,0.0,0.0,0.0,0.0,0.0,0.004699772687012556,0.0,0.0,0.0,0.0,0.0,0.0,0.0,0.0,0.0,0.0,0.0,0.0,0.0,0.0,0.0,0.0,0.0,0.0,0.0,0.0,0.0,0.0,0.0,0.0,0.0,0.0,0.0,0.0,0.0,0.0,0.0,0.0,0.0,0.0,0.0,0.0,0.0,0.0,0.0,0.0,0.0
ENSG00000067208.14,0.0,0.0,0.0,0.0,0.0,0.0,0.0,0.0,0.0,0.0,0.0,0.0,0.0,0.0,0.0,0.0,0.0,0.0,0.0,0.0,0.0,0.0,0.0,0.0,0.0,0.0,0.0,0.1355479262387879,0.0,0.0,0.0,0.0,0.0,0.0,0.0,0.0,0.0,0.0,0.0,0.0,0.0,0.0,0.0,0.0,0.0,0.0,0.0,0.0,0.0,0.0
ENSG00000154511.12,0.0,0.0,0.0,0.0,0.0,0.0,0.0,0.1491476434539577,0.0,0.0,0.0,0.0,0.0,0.0,0.24765572485445622,0.0,0.0,0.0,0.0,0.0,0.0,0.0,0.0,0.0,0.0,0.0,0.0,0.0,0.0,0.0,0.0,0.0,0.0,0.0,0.0,0.0,0.0,0.0,0.0,0.0,0.0,0.0,0.0,0.0,0.0,0.0,0.0,0.0,0.0,0.0
ENSG00000283761.1,0.0,0.0,0.0,0.0,0.0,0.0,0.0,0.0,0.0,0.008432582700368443,0.0,0.0,0.0,0.0,0.08202533654752016,0.06985021015002257,0.0,0.0,0.0,0.0,0.0,0.0,0.0,0.0,0.0,0.0,0.24292197316679948,0.0,0.0,0.0,0.0,0.0,0.0,0.0,0.0,0.0,0.0,0.0,0.0,0.0,0.0,0.0,0.0,0.0,0.0,0.0,0.0,0.19333772880288708,0.0,0.0
ENSG00000143126.8,0.0,0.31303813265884795,0.0,0.0,0.0,0.0,0.0,0.0,0.0,0.0,0.0,0.04328864339667788,0.0,0.0,0.29749119473762564,0.0,0.0,0.0,0.0,0.0,0.0,0.0,0.025305858893460806,0.0,0.0,0.0,0.0,0.1329714144801311,0.0,0.0,0.0,0.0,0.0,0.0,0.0,0.0,0.0,0.0,0.0,0.0,0.0,0.0,0.0,0.0,0.0,0.0,0.1376855999880001,0.0,0.0,0.0
ENSG00000213366.13,0.0,0.0,0.0,0.0,0.0,0.0,0.0,0.0,0.0,0.0,0.0,0.0,0.0,0.0,0.0,0.0,0.0,0.0,0.0,0.0,0.0,0.0,0.0,0.0,0.0,0.0,0.0,0.0,0.0,0.0,0.0,0.0,0.0,0.0,0.0,0.0,0.0,0.12070630515047924,0.0,0.0,0.0,0.0,0.0,0.0,0.0,0.0,0.0,0.0,0.18514560868912294,0.0
ENSG00000168679.18,0.0,0.0,0.0,0.0,0.0,0.0,0.0,0.0,0.0,0.14576657426043205,0.0,0.0,0.0,0.0,0.0,0.0,0.0,0.0,0.0,0.0,0.0,0.0,0.0,0.0,0.0,0.0,0.0,0.0,0.0,0.0,0.0,0.0,0.0,0.0,0.0,0.1821131856561946,0.0,0.0,0.0,0.0,0.0,0.0,0.0,0.0,0.0,0.147244709535354,0.0,0.0,0.0,0.0
ENSG00000235527.6,0.0,0.0,0.0,0.0,0.0,0.0,0.0,0.0,0.0,0.19204863578504797,0.0,0.0,0.0,0.0,0.0,0.0,0.0,0.0,0.0,0.0,0.0,0.0,0.0,0.0,0.0,0.0,0.08356794516925523,0.0,0.0,0.0,0.0,0.0,0.0,0.0,0.0,0.0,0.0,0.0,0.0,0.0,0.0,0.0,0.0,0.0,0.0,0.13063855941022526,0.0,0.0,0.0,0.0
ENSG00000116824.5,0.0,0.0,0.0,0.0,0.0,0.0,0.0,0.0,0.0,0.0,0.0,0.0,0.0,0.0,0.0,0.0,0.0,0.0,0.0,0.0,0.0,0.0,0.0,0.0,0.0,0.0,0.0,0.0,0.0,0.0,0.0,0.010178255021331373,0.0,0.0,0.0,0.0,0.0,0.0,0.0,0.0,0.0,0.0,0.0,0.0,0.0,0.0,0.0,0.0,0.0,0.0
ENSG00000134247.10,0.0,0.0,0.0,0.0,0.0,0.0,0.0,0.0,0.0,0.0,0.0,0.0,0.0,0.0,0.0,0.0,0.0,0.0,0.05549773183596912,0.0,0.0,0.0,0.0,0.0,0.0,0.0,0.0,0.0,0.0,0.0,0.0,0.0,0.0,0.0,0.0,0.0,0.0,0.0,0.0,0.0,0.0,0.0,0.0,0.0,0.0,0.0,0.0,0.0,0.0,0.0
ENSG00000196369.11,0.16733117060956587,0.0,0.0,0.0,0.0,0.0,0.0,0.0,0.0,0.0,0.0,0.0,0.41195314490186735,0.0,0.0,0.0,0.0,0.0,0.0,0.0,0.0,0.0,0.0,0.0,0.0,0.0,0.0,0.0,0.0,0.0,0.0,0.03194446252365174,0.0,0.0,0.0,0.0,0.0,0.0,0.17760716275530247,0.0,0.0,0.0,0.0,0.0,0.0,0.0,0.06866528300278568,0.0,0.0,0.0
ENSG00000276216.1,0.0,0.0,0.0,0.0,0.0,0.0,0.0,0.0,0.0,0.0,0.0,0.0,0.0,0.0,0.0,0.01741990210915434,0.0,0.0,0.0,0.0,0.0,0.0,0.0,0.0,0.0,0.0,0.0,0.0,0.0,0.0,0.0,0.0,0.0,0.0,0.0,0.0,0.0,0.0,0.0,0.0,0.0,0.0,0.0,0.0,0.0,0.0,0.0,0.0,0.0,0.0
ENSG00000162825.16,0.0,0.1562949643580278,0.0,0.0,0.0,0.0,0.0,0.0,0.0,0.0,0.0,0.0,0.0,0.0,0.0,0.2573814363682898,0.0,0.0,0.0,0.0,0.017146089037515744,0.0,0.0,0.0,0.0,0.0,0.14357138471271916,0.0,0.02530230578418309,0.04747712583241742,0.0,0.0,0.0,0.2731857390661581,0.0,0.23697808318527386,0.0,0.07528144106971485,0.0,0.0,0.0,0.0,0.0,0.0,0.2751878594584167,0.0,0.0,0.21460914286606325,0.0,0.0
